EventType,TimeStamp,Concern,Description
Biological,2011-11-06T19:14:24 01:00,http://www.phenome-fppn.fr/m3p/arch/2011/c11003131,A biological event
Climatic,2011-11-06T19:14:24 01:01,http://www.phenome-fppn.fr/m3p/arch/2011/c11003132,Damn ! Pot broke
Trouble,2011-11-06T19:14:24 01:02,http://www.phenome-fppn.fr/m3p/arch/2011/c11003133,Here comes the troubles
Event,2011-11-06T19:14:24 01:03,http://www.phenome-fppn.fr/m3p/arch/2011/c11003134,HIGHWAY TO HELL
Biological,2011-11-06T19:14:24 01:04,http://www.phenome-fppn.fr/m3p/arch/2011/c11003135,Pot broken
Climatic,2011-11-06T19:14:24 01:05,http://www.phenome-fppn.fr/m3p/arch/2011/c11003136,Overheat
Trouble,2011-11-06T19:14:24 01:06,http://www.phenome-fppn.fr/m3p/arch/2011/c11003137,A rat ate it all
Event,2011-11-06T19:14:24 01:07,http://www.phenome-fppn.fr/m3p/arch/2011/c11003138,Sun eclipse
Biological,2011-11-06T19:14:24 01:08,http://www.phenome-fppn.fr/m3p/arch/2011/c11003139,Illness
Climatic,2011-11-06T19:14:24 01:09,http://www.phenome-fppn.fr/m3p/arch/2011/c11003140,three days of snow
Trouble,2011-11-06T19:14:24 01:10,http://www.phenome-fppn.fr/m3p/arch/2011/c11003141,No water
Event,2011-11-06T19:14:24 01:11,http://www.phenome-fppn.fr/m3p/arch/2011/c11003142,A biological event
Biological,2011-11-06T19:14:24 01:12,http://www.phenome-fppn.fr/m3p/arch/2011/c11003143,Damn ! Pot broke
Climatic,2011-11-06T19:14:24 01:13,http://www.phenome-fppn.fr/m3p/arch/2011/c11003144,Here comes the troubles
Trouble,2011-11-06T19:14:24 01:14,http://www.phenome-fppn.fr/m3p/arch/2011/c11003145,HIGHWAY TO HELL
Event,2011-11-06T19:14:24 01:15,http://www.phenome-fppn.fr/m3p/arch/2011/c11003146,Pot broken
Biological,2011-11-06T19:14:24 01:16,http://www.phenome-fppn.fr/m3p/arch/2011/c11003147,Overheat
Climatic,2011-11-06T19:14:24 01:17,http://www.phenome-fppn.fr/m3p/arch/2011/c11003148,A rat ate it all
Trouble,2011-11-06T19:14:24 01:18,http://www.phenome-fppn.fr/m3p/arch/2011/c11003149,Sun eclipse
