Alias,uri,Date event,Category,Subject,Content,Creator,Created
12/DZ_PG_10/ZM4365/WW/1/DIA2017-05-19,http://www.phenome-fppn.fr/diaphen/2017/o17000012,29/06/2017,Incident,,Plots lodged after the storm,chapuis@supagro.inra.fr,10/08/2017
13/DZ_PG_24/ZM4342/WW/1/DIA2017-05-19,http://www.phenome-fppn.fr/diaphen/2017/o17000013,29/06/2017,Incident,,Plots lodged after the storm,chapuis@supagro.inra.fr,10/08/2017
22/DZ_PG_50/ZM4363/WW/1/DIA2017-05-19,http://www.phenome-fppn.fr/diaphen/2017/o17000022,29/06/2017,Incident,,Plots lodged after the storm,chapuis@supagro.inra.fr,10/08/2017
25/DZ_PG_51/ZM4350/WW/1/DIA2017-05-19,http://www.phenome-fppn.fr/diaphen/2017/o17000025,29/06/2017,Incident,,Plots lodged after the storm,chapuis@supagro.inra.fr,10/08/2017
37/DZ_PG_43/ZM4380/WW/1/DIA2017-05-19,http://www.phenome-fppn.fr/diaphen/2017/o17000037,29/06/2017,Incident,,Plots lodged after the storm,chapuis@supagro.inra.fr,10/08/2017
49/DZ_PG_07/ZM4351/WW/1/DIA2017-05-19,http://www.phenome-fppn.fr/diaphen/2017/o17000049,29/06/2017,Incident,,Plots lodged after the storm,chapuis@supagro.inra.fr,10/08/2017
54/DZ_PG_45/ZM4385/WW/1/DIA2017-05-19,http://www.phenome-fppn.fr/diaphen/2017/o17000054,29/06/2017,Incident,,Plots lodged after the storm,chapuis@supagro.inra.fr,10/08/2017
60/DZ_PG_32/ZM4352/WW/1/DIA2017-05-19,http://www.phenome-fppn.fr/diaphen/2017/o17000060,29/06/2017,Incident,,Plots lodged after the storm,chapuis@supagro.inra.fr,10/08/2017
74/DZ_PG_20/ZM4344/WW/2/DIA2017-05-19,http://www.phenome-fppn.fr/diaphen/2017/o17000074,29/06/2017,Incident,,Plots lodged after the storm,chapuis@supagro.inra.fr,10/08/2017
81/DZ_PG_10/ZM4365/WW/2/DIA2017-05-19,http://www.phenome-fppn.fr/diaphen/2017/o17000081,29/06/2017,Incident,,Plots lodged after the storm,chapuis@supagro.inra.fr,10/08/2017
82/DZ_PG_54/ZM4346/WW/2/DIA2017-05-19,http://www.phenome-fppn.fr/diaphen/2017/o17000082,29/06/2017,Incident,,Plots lodged after the storm,chapuis@supagro.inra.fr,10/08/2017
87/DZ_PG_47/ZM4362/WW/2/DIA2017-05-19,http://www.phenome-fppn.fr/diaphen/2017/o17000087,29/06/2017,Incident,,Plots lodged after the storm,chapuis@supagro.inra.fr,10/08/2017
94/DZ_PG_21/ZM4360/WW/2/DIA2017-05-19,http://www.phenome-fppn.fr/diaphen/2017/o17000094,29/06/2017,Incident,,Plots lodged after the storm,chapuis@supagro.inra.fr,10/08/2017
95/DZ_PG_51/ZM4350/WW/2/DIA2017-05-19,http://www.phenome-fppn.fr/diaphen/2017/o17000095,29/06/2017,Incident,,Plots lodged after the storm,chapuis@supagro.inra.fr,10/08/2017
97/DZ_PG_45/ZM4385/WW/2/DIA2017-05-19,http://www.phenome-fppn.fr/diaphen/2017/o17000097,29/06/2017,Incident,,Plots lodged after the storm,chapuis@supagro.inra.fr,10/08/2017
102/DZ_PG_13/ZM4379/WW/2/DIA2017-05-19,http://www.phenome-fppn.fr/diaphen/2017/o17000102,29/06/2017,Incident,,Plots lodged after the storm,chapuis@supagro.inra.fr,10/08/2017
123/DZ_PG_07/ZM4351/WW/2/DIA2017-05-19,http://www.phenome-fppn.fr/diaphen/2017/o17000123,29/06/2017,Incident,,Plots lodged after the storm,chapuis@supagro.inra.fr,10/08/2017
262/DZ_PG_08/ZM4343/WD2/1/DIA2017-05-19,http://www.phenome-fppn.fr/diaphen/2017/o17000262,29/06/2017,Incident,,Plots lodged after the storm,chapuis@supagro.inra.fr,10/08/2017
303/DZ_PG_20/ZM4344/WD2/1/DIA2017-05-19,http://www.phenome-fppn.fr/diaphen/2017/o17000303,29/06/2017,Incident,,Plots lodged after the storm,chapuis@supagro.inra.fr,10/08/2017
330/DZ_PG_02/ZM4356/WD2/2/DIA2017-05-19,http://www.phenome-fppn.fr/diaphen/2017/o17000330,29/06/2017,Incident,,Plots lodged after the storm,chapuis@supagro.inra.fr,10/08/2017
334/DZ_PG_43/ZM4380/WD2/2/DIA2017-05-19,http://www.phenome-fppn.fr/diaphen/2017/o17000334,29/06/2017,Incident,,Plots lodged after the storm,chapuis@supagro.inra.fr,10/08/2017
342/DZ_PG_04/ZM4366/WD2/2/DIA2017-05-19,http://www.phenome-fppn.fr/diaphen/2017/o17000342,29/06/2017,Incident,,Plots lodged after the storm,chapuis@supagro.inra.fr,10/08/2017
357/DZ_PG_24/ZM4342/WD2/2/DIA2017-05-19,http://www.phenome-fppn.fr/diaphen/2017/o17000357,29/06/2017,Incident,,Plots lodged after the storm,chapuis@supagro.inra.fr,10/08/2017
367/DZ_PG_21/ZM4360/WD2/2/DIA2017-05-19,http://www.phenome-fppn.fr/diaphen/2017/o17000367,29/06/2017,Incident,,Plots lodged after the storm,chapuis@supagro.inra.fr,10/08/2017
369/DZ_PG_35/ZM4358/WD2/2/DIA2017-05-19,http://www.phenome-fppn.fr/diaphen/2017/o17000369,29/06/2017,Incident,,Plots lodged after the storm,chapuis@supagro.inra.fr,10/08/2017
370/DZ_PG_08/ZM4343/WD2/2/DIA2017-05-19,http://www.phenome-fppn.fr/diaphen/2017/o17000370,29/06/2017,Incident,,Plots lodged after the storm,chapuis@supagro.inra.fr,10/08/2017
373/DZ_PG_17/ZM4348/WD2/2/DIA2017-05-19,http://www.phenome-fppn.fr/diaphen/2017/o17000373,29/06/2017,Incident,,Plots lodged after the storm,chapuis@supagro.inra.fr,10/08/2017
374/DZ_PG_07/ZM4351/WD2/2/DIA2017-05-19,http://www.phenome-fppn.fr/diaphen/2017/o17000374,29/06/2017,Incident,,Plots lodged after the storm,chapuis@supagro.inra.fr,10/08/2017
375/DZ_PG_20/ZM4344/WD2/2/DIA2017-05-19,http://www.phenome-fppn.fr/diaphen/2017/o17000375,29/06/2017,Incident,,Plots lodged after the storm,chapuis@supagro.inra.fr,10/08/2017
